Model,WER_Mean,WER_StdDev,CER_Mean,CER_StdDev,Cosine_Similarity_Mean,Cosine_Similarity_StdDev,Medical_Term_Accuracy
Whisper-Large-v3,0.6679193195167159,0.6588566025163388,0.3846193778504053,0.4213850310170452,0.84291166,0.117022395,0.8148148148148148
Voxtral-Mini-3b,0.5483104689260759,0.31866967256924994,0.3119276736869527,0.2758190640374223,0.7979229,0.20141058,0.8347578347578347
